{"name":"Enkindle Career Forum","short_name":"Enkindle","description":"Online forum for Students and Parents to ask career related queries","display":"standalone","start_url":"/","background_color":"#ffffff","theme_color":"#ffffff","icons":[{"src":"http://forum.enkindle.guide/uploads/default/optimized/1X/dc5356449b85a52ee41e934912db26866f697891_2_512x512.png","sizes":"512x512","type":"image/png"},{"src":"http://forum.enkindle.guide/uploads/default/optimized/1X/dc5356449b85a52ee41e934912db26866f697891_2_512x512.png","sizes":"512x512","type":"image/png","purpose":"maskable"}],"share_target":{"action":"/new-topic","method":"GET","enctype":"application/x-www-form-urlencoded","params":{"title":"title","text":"body"}},"shortcuts":[{"name":"Create a new Topic","short_name":"New Topic","url":"/new-topic","icons":[{"src":"http://forum.enkindle.guide/svg-sprite/forum.enkindle.guide/icon/222222/plus.svg","sizes":"131x150","type":"image/svg"}]},{"name":"Inbox","short_name":"Inbox","url":"/my/messages","icons":[{"src":"http://forum.enkindle.guide/svg-sprite/forum.enkindle.guide/icon/222222/envelope.svg","sizes":"150x150","type":"image/svg"}]},{"name":"Bookmarks","short_name":"Bookmarks","url":"/my/activity/bookmarks","icons":[{"src":"http://forum.enkindle.guide/svg-sprite/forum.enkindle.guide/icon/222222/bookmark.svg","sizes":"113x150","type":"image/svg"}]},{"name":"Top","short_name":"Top","url":"/top","icons":[{"src":"http://forum.enkindle.guide/svg-sprite/forum.enkindle.guide/icon/222222/signal.svg","sizes":"188x150","type":"image/svg"}]}]}